{
  "release": "v1.1r_plus35provisional_active",
  "n": 40,
  "positives": 20,
  "negatives": 20,
  "threshold": 0.7142857313156128,
  "accuracy": 0.5,
  "precision": 0.0,
  "recall": 0.0,
  "f1": 0.0,
  "roc_auc": 0.9400000000000001,
  "avg_precision": 0.9285196706887884,
  "confusion_matrix": {
    "tn": 20,
    "fp": 0,
    "fn": 20,
    "tp": 0
  },
  "snap_km_median": 0.7025487507017207,
  "snap_km_max": 76.88448228958781,
  "snap_gt5km": 1
}