{
  "iter": 77,
  "auc": 0.8615999999999999,
  "params": {
    "n_estimators": 400,
    "max_depth": 6,
    "learning_rate": 0.05,
    "subsample": 0.7,
    "colsample_bytree": 0.7,
    "min_child_weight": 8,
    "gamma": 0.7,
    "reg_alpha": 0.5,
    "reg_lambda": 2.0,
    "scale_pos_weight": 2.6504065040650406
  },
  "threshold": {
    "threshold": 0.9565219879150391,
    "precision": 0.9090909090909091,
    "recall": 0.8,
    "f1": 0.851063829787234
  }
}