{
  "release": "kappa_india_gulf_v2_hardmerge4_smoke",
  "n": 44,
  "positives": 22,
  "negatives": 22,
  "threshold": 0.75,
  "accuracy": 0.5454545454545454,
  "precision": 0.75,
  "recall": 0.13636363636363635,
  "f1": 0.23076923076923078,
  "roc_auc": 0.8202479338842974,
  "avg_precision": 0.7952490016443505,
  "confusion_matrix": {
    "tn": 21,
    "fp": 1,
    "fn": 19,
    "tp": 3
  }
}