{
  "release": "kappa_india_gulf_v2_prod_ready_v2",
  "n": 50,
  "positives": 25,
  "negatives": 25,
  "threshold": 0.9565219879150391,
  "accuracy": 0.5,
  "precision": 0.0,
  "recall": 0.0,
  "f1": 0.0,
  "roc_auc": 0.8256000000000001,
  "avg_precision": 0.8169163686980168,
  "confusion_matrix": {
    "tn": 25,
    "fp": 0,
    "fn": 25,
    "tp": 0
  }
}