{
  "release": "kappa_india_gulf_v2_hardmerge4_prod1",
  "n": 50,
  "positives": 25,
  "negatives": 25,
  "threshold": 0.5,
  "accuracy": 0.7,
  "precision": 0.6388888888888888,
  "recall": 0.92,
  "f1": 0.7540983606557377,
  "roc_auc": 0.8288,
  "avg_precision": 0.8061104441776711,
  "confusion_matrix": {
    "tn": 12,
    "fp": 13,
    "fn": 2,
    "tp": 23
  }
}