{
  "release": "kappa_india_gulf_v2_prod_ready_v3",
  "n": 50,
  "positives": 25,
  "negatives": 25,
  "threshold": 0.9565219879150391,
  "accuracy": 0.86,
  "precision": 0.9090909090909091,
  "recall": 0.8,
  "f1": 0.851063829787234,
  "roc_auc": 0.8615999999999999,
  "avg_precision": 0.8473218824186566,
  "confusion_matrix": {
    "tn": 23,
    "fp": 2,
    "fn": 5,
    "tp": 20
  }
}