{
  "release": "v1.1r_plus35provisional",
  "n": 15,
  "positives": 1,
  "negatives": 14,
  "threshold": 0.7142857313156128,
  "accuracy": 0.9333333333333333,
  "precision": 0.0,
  "recall": 0.0,
  "f1": 0.0,
  "roc_auc": 0.6785714285714286,
  "avg_precision": 0.125,
  "confusion_matrix": {
    "tn": 14,
    "fp": 0,
    "fn": 1,
    "tp": 0
  }
}