{
  "release": "v1.2_internal_holdout50_no_policy",
  "n": 50,
  "positives": 25,
  "negatives": 25,
  "threshold": 0.75,
  "accuracy": 0.48,
  "precision": 0.48148148148148145,
  "recall": 0.52,
  "f1": 0.5,
  "roc_auc": 0.5232,
  "avg_precision": 0.5745983504512916,
  "confusion_matrix": {
    "tn": 11,
    "fp": 14,
    "fn": 12,
    "tp": 13
  }
}