{
  "release": "v1.2_internal_holdout50_fix1",
  "n": 50,
  "positives": 25,
  "negatives": 25,
  "threshold": 0.5,
  "accuracy": 0.72,
  "precision": 0.6486486486486487,
  "recall": 0.96,
  "f1": 0.7741935483870968,
  "roc_auc": 0.8424,
  "avg_precision": 0.7965659711815318,
  "confusion_matrix": {
    "tn": 12,
    "fp": 13,
    "fn": 1,
    "tp": 24
  }
}