{
  "n": 15,
  "pos": 1,
  "neg": 14,
  "threshold": 0.6666666865348816,
  "accuracy": 0.9333333333333333,
  "precision": 0.0,
  "recall": 0.0,
  "f1": 0.0,
  "roc_auc": 0.5357142857142857,
  "avg_precision": 0.125,
  "tn": 14,
  "fp": 0,
  "fn": 1,
  "tp": 0
}