{
  "n_total": 29,
  "dropped_outside_snap_gt5km": 1,
  "TP": 7,
  "TN": 14,
  "FP": 0,
  "FN": 8,
  "accuracy": 0.7241379310344828,
  "precision": 1.0,
  "recall": 0.4666666666666667,
  "specificity": 1.0
}