{
  "threshold": 0.255,
  "n_total": 50,
  "n_positive_truth": 25,
  "n_negative_truth": 25,
  "TP": 23,
  "TN": 13,
  "FP": 12,
  "FN": 2,
  "precision": 0.6571428571428571,
  "recall": 0.92,
  "specificity": 0.52,
  "accuracy": 0.72,
  "f1": 0.7666666666666667,
  "median_snap_km": 0.7603215494417832,
  "max_snap_km": 89.89296110366575,
  "gt5km_snaps": 2
}