{
  "threshold": 0.5,
  "n_total": 50,
  "TP": 22,
  "TN": 11,
  "FP": 14,
  "FN": 3,
  "precision": 0.6111111111111112,
  "recall": 0.88,
  "specificity": 0.44,
  "accuracy": 0.66,
  "f1": 0.7213114754098361,
  "gt5km_snaps": 1
}