{
  "release": "v1_3_internal_broad_seed",
  "n": 50,
  "positives": 25,
  "negatives": 25,
  "threshold": 0.25,
  "accuracy": 0.6,
  "precision": 0.5609756097560976,
  "recall": 0.92,
  "f1": 0.696969696969697,
  "roc_auc": 0.6944,
  "avg_precision": 0.6488075880758808,
  "confusion_matrix": {
    "tn": 7,
    "fp": 18,
    "fn": 2,
    "tp": 23
  }
}