{
  "release": "v1_3_internal_broad_seed",
  "n": 27,
  "positives": 10,
  "negatives": 17,
  "threshold": 0.25,
  "accuracy": 0.5185185185185185,
  "precision": 0.43478260869565216,
  "recall": 1.0,
  "f1": 0.6060606060606061,
  "roc_auc": 0.6647058823529411,
  "avg_precision": 0.48115942028985503,
  "confusion_matrix": {
    "tn": 4,
    "fp": 13,
    "fn": 0,
    "tp": 10
  }
}