{
  "release": "wc_pass_try2",
  "n": 50,
  "positives": 25,
  "negatives": 25,
  "threshold": 0.6666666865348816,
  "accuracy": 0.78,
  "precision": 0.8181818181818182,
  "recall": 0.72,
  "f1": 0.7659574468085106,
  "roc_auc": 0.7888000000000001,
  "avg_precision": 0.7631579531579531,
  "confusion_matrix": {
    "tn": 21,
    "fp": 4,
    "fn": 7,
    "tp": 18
  }
}