{
  "release": "wc_pass_try3",
  "n": 44,
  "positives": 22,
  "negatives": 22,
  "threshold": 0.6078431606292725,
  "accuracy": 0.6818181818181818,
  "precision": 0.6818181818181818,
  "recall": 0.6818181818181818,
  "f1": 0.6818181818181818,
  "roc_auc": 0.7665289256198347,
  "avg_precision": 0.744807314513523,
  "confusion_matrix": {
    "tn": 15,
    "fp": 7,
    "fn": 7,
    "tp": 15
  }
}