{
  "release": "wc_v3_20260306_063457",
  "n": 50,
  "positives": 25,
  "negatives": 25,
  "threshold": 1.0,
  "accuracy": 0.54,
  "precision": 0.6666666666666666,
  "recall": 0.16,
  "f1": 0.25806451612903225,
  "roc_auc": 0.524,
  "avg_precision": 0.5205876758720126,
  "confusion_matrix": {
    "tn": 23,
    "fp": 2,
    "fn": 21,
    "tp": 4
  }
}