{
  "release": "wc_v5_20260306_070205",
  "n": 50,
  "positives": 25,
  "negatives": 25,
  "threshold": 0.3333333432674408,
  "accuracy": 0.46,
  "precision": 0.46153846153846156,
  "recall": 0.48,
  "f1": 0.47058823529411764,
  "roc_auc": 0.552,
  "avg_precision": 0.6031115244557387,
  "confusion_matrix": {
    "tn": 11,
    "fp": 14,
    "fn": 13,
    "tp": 12
  }
}