{
  "n_rows": 1285,
  "n_positive": 85,
  "n_negative": 1200,
  "n_features": 7,
  "n_folds": 7,
  "spatial_auc_mean": 0.7749342967604423,
  "spatial_auc_std": 0.08142627642139262,
  "spatial_ap_mean": 0.35013064816076295,
  "spatial_brier_mean": 0.09625270263038026,
  "oof_auc_raw": 0.8003086419753087,
  "oof_auc_calibrated": 0.8255555555555555,
  "oof_ap_raw": 0.3037106434833505,
  "oof_ap_calibrated": 0.3160006487231807,
  "oof_brier_raw": 0.09506616985429306,
  "oof_brier_calibrated": 0.07811725458799064,
  "threshold": {
    "threshold": 0.25,
    "precision": 0.33098591549295775,
    "recall": 0.5802469135802469
  }
}