{
  "n_rows": 1264,
  "n_positive": 64,
  "n_negative": 1200,
  "n_features": 7,
  "n_folds": 7,
  "spatial_auc_mean": 0.7779664556607999,
  "spatial_auc_std": 0.12532756736785935,
  "spatial_ap_mean": 0.35532841081186256,
  "spatial_brier_mean": 0.08717150445046402,
  "oof_auc_raw": 0.7178370920163669,
  "oof_auc_calibrated": 0.7508326196593396,
  "oof_ap_raw": 0.20495336844724812,
  "oof_ap_calibrated": 0.21557788686331922,
  "oof_brier_raw": 0.08171797015122771,
  "oof_brier_calibrated": 0.0687689454792973,
  "threshold": {
    "threshold": 0.1904761791229248,
    "precision": 0.2857142857142857,
    "recall": 0.5161290322580645
  }
}