{
  "n_rows": 1549,
  "n_positive": 107,
  "n_negative": 1442,
  "n_features": 26,
  "n_folds": 9,
  "spatial_auc_mean": 0.8683622057929401,
  "spatial_auc_std": 0.11289595594151541,
  "spatial_ap_mean": 0.6354291385795885,
  "spatial_brier_mean": 0.09653150900148905,
  "oof_auc_raw": 0.8866716193476782,
  "oof_auc_calibrated": 0.8990279617629158,
  "oof_ap_raw": 0.6693947363324312,
  "oof_ap_calibrated": 0.6601974894623541,
  "oof_brier_raw": 0.08779152735310275,
  "oof_brier_calibrated": 0.04255386803965016,
  "threshold": {
    "threshold": 0.800000011920929,
    "precision": 0.9464285714285714,
    "recall": 0.5
  }
}