case,input_lat,input_lon,nearest_grid_lat,nearest_grid_lon,nearest_km,p_raw,p_raw_std,p_calibrated,threshold,decision
cultivated_site_munaikadu,9.2895528,79.1324556,9.254280867408973,79.13316825304565,3.927272892824153,0.5215162634849548,0.0,0.6428571343421936,0.6428571343421936,cultivate_yes
non_culture_control_nearby,9.2955278,79.13,9.254280867408973,79.13316825304565,4.605133997422985,0.5215162634849548,0.0,0.6428571343421936,0.6428571343421936,cultivate_yes
