{
  "release": "v1.2_from_pack_auto",
  "n": 50,
  "positives": 25,
  "negatives": 25,
  "threshold": 0.75,
  "accuracy": 0.74,
  "precision": 0.7727272727272727,
  "recall": 0.68,
  "f1": 0.723404255319149,
  "roc_auc": 0.8192,
  "avg_precision": 0.7556439107022351,
  "confusion_matrix": {
    "tn": 20,
    "fp": 5,
    "fn": 8,
    "tp": 17
  }
}