{
  "threshold": 0.285,
  "n_total": 50,
  "TP": 21,
  "TN": 24,
  "FP": 1,
  "FN": 4,
  "precision": 0.9545454545454546,
  "recall": 0.84,
  "specificity": 0.96,
  "accuracy": 0.9,
  "f1": 0.8936170212765958
}